id,x,y,z
1,0.036098,0.155096,0
2,0.993349,1.077553,1
3,0.530897,0.893462,1
4,0.712386,0.564858,2
5,0.343554,-0.371700,2
